"Station Name","CALGARY INT'L CS"
"Province","ALBERTA"
"Latitude","51.11"
"Longitude","-114.00"
"Elevation","1081.90"
"Climate Identifier","3031094"
"WMO Identifier","71393"
"TC Identifier","PCI"

"Legend"
"A","Accumulated"
"C","Precipitation occurred, amount uncertain"
"E","Estimated"
"F","Accumulated and estimated"
"L","Precipitation may or may not have occurred"
"M","Missing"
"N","Temperature missing but known to be > 0"
"S","More than one occurrence"
"T","Trace"
"Y","Temperature missing but known to be < 0"
"[empty]","No data available"
"^","The value displayed is based on incomplete data"
"†","Data for this day has undergone only preliminary quality checking"
"‡","Partner data that is not subject to review by the National Climate Archives"

"Date/Time","Year","Month","Day","Data Quality","Max Temp (°C)","Max Temp Flag","Min Temp (°C)","Min Temp Flag","Mean Temp (°C)","Mean Temp Flag","Heat Deg Days (°C)","Heat Deg Days Flag","Cool Deg Days (°C)","Cool Deg Days Flag","Total Rain (mm)","Total Rain Flag","Total Snow (cm)","Total Snow Flag","Total Precip (mm)","Total Precip Flag","Snow on Grnd (cm)","Snow on Grnd Flag","Dir of Max Gust (10s deg)","Dir of Max Gust Flag","Spd of Max Gust (km/h)","Spd of Max Gust Flag"
"2015-01-01","2015","01","01","†","1.4","","-5.4","","-2.0","","20.0","","0.0","","","M","","M","0.0","","3","","","M","","M"
"2015-01-02","2015","01","02","†","-2.9","","-18.5","","-10.7","","28.7","","0.0","","","M","","M","2.2","","2","","","M","","M"
"2015-01-03","2015","01","03","†","-18.5","","-21.5","","-20.0","","38.0","","0.0","","","M","","M","1.3","","4","","","M","","M"
"2015-01-04","2015","01","04","†","-18.4","","-25.5","","-22.0","","40.0","","0.0","","","M","","M","0.7","","5","","","M","","M"
"2015-01-05","2015","01","05","†","-13.5","","-20.7","","-17.1","","35.1","","0.0","","","M","","M","0.2","","4","","","M","","M"
"2015-01-06","2015","01","06","†","-13.7","","-15.7","","-14.7","","32.7","","0.0","","","M","","M","8.8","","11","","","M","","M"
"2015-01-07","2015","01","07","†","5.8","","-15.0","","-4.6","","22.6","","0.0","","","M","","M","0.0","","13","","","M","","M"
"2015-01-08","2015","01","08","†","-2.5","","-19.6","","-11.1","","29.1","","0.0","","","M","","M","0.0","","","","","M","","M"
"2015-01-09","2015","01","09","†","-2.6","","-23.6","","-13.1","","31.1","","0.0","","","M","","M","0.2","","9","","","M","","M"
"2015-01-10","2015","01","10","†","-2.0","","-12.5","","-7.3","","25.3","","0.0","","","M","","M","1.8","","8","","","M","","M"
"2015-01-11","2015","01","11","†","-6.4","","-19.3","","-12.9","","30.9","","0.0","","","M","","M","0.3","","12","","","M","","M"
"2015-01-12","2015","01","12","†","-3.5","","-20.6","","-12.1","","30.1","","0.0","","","M","","M","0.0","","9","","","M","","M"
"2015-01-13","2015","01","13","†","3.5","","-10.7","","-3.6","","21.6","","0.0","","","M","","M","0.0","","10","","","M","","M"
"2015-01-14","2015","01","14","†","8.4","","0.6","","4.5","","13.5","","0.0","","","M","","M","0.0","","11","","","M","","M"
"2015-01-15","2015","01","15","†","8.5","","-1.1","","3.7","","14.3","","0.0","","","M","","M","0.0","","6","","","M","","M"
"2015-01-16","2015","01","16","†","6.2","","1.2","","3.7","","14.3","","0.0","","","M","","M","0.0","","5","","","M","","M"
"2015-01-17","2015","01","17","†","7.1","","-0.9","","3.1","","14.9","","0.0","","","M","","M","0.0","","3","","","M","","M"
"2015-01-18","2015","01","18","†","6.1","","-3.9","","1.1","","16.9","","0.0","","","M","","M","1.3","","2","","","M","","M"
"2015-01-19","2015","01","19","†","5.2","","-0.1","","2.6","","15.4","","0.0","","","M","","M","0.0","","3","","","M","","M"
"2015-01-20","2015","01","20","†","3.1","","-5.1","","-1.0","","19.0","","0.0","","","M","","M","0.0","","2","","","M","","M"
"2015-01-21","2015","01","21","†","7.8","","-9.0","","-0.6","","18.6","","0.0","","","M","","M","0.0","","2","","","M","","M"
"2015-01-22","2015","01","22","†","8.7","","5.3","","7.0","","11.0","","0.0","","","M","","M","0.0","","1","","","M","","M"
"2015-01-23","2015","01","23","†","10.9","","3.3","","7.1","","10.9","","0.0","","","M","","M","0.0","","1","","","M","","M"
"2015-01-24","2015","01","24","†","10.5","","1.7","","6.1","","11.9","","0.0","","","M","","M","0.0","","","","","M","","M"
"2015-01-25","2015","01","25","†","16.7","","1.4","","9.1","","8.9","","0.0","","","M","","M","0.0","","","","","M","","M"
"2015-01-26","2015","01","26","†","11.8","","0.8","","6.3","","11.7","","0.0","","","M","","M","0.0","","0","T","","M","","M"
"2015-01-27","2015","01","27","†","14.3","","-0.8","","6.8","","11.2","","0.0","","","M","","M","0.0","","","","","M","","M"
"2015-01-28","2015","01","28","†","5.6","","-2.3","","1.7","","16.3","","0.0","","","M","","M","0.0","","","","","M","","M"
"2015-01-29","2015","01","29","†","7.9","","-5.9","","1.0","","17.0","","0.0","","","M","","M","0.0","","","","","M","","M"
"2015-01-30","2015","01","30","†","3.8","","-5.8","","-1.0","","19.0","","0.0","","","M","","M","0.0","","","","","M","","M"
"2015-01-31","2015","01","31","†","-5.8","","-16.7","","-11.3","","29.3","","0.0","","","M","","M","3.7","","5","","","M","","M"
"2015-02-01","2015","02","01","†","-6.0","","-17.8","","-11.9","","29.9","","0.0","","","M","","M","0.0","","4","","","M","","M"
"2015-02-02","2015","02","02","†","-12.8","","-15.5","","-14.2","","32.2","","0.0","","","M","","M","0.4","","1","","","M","","M"
"2015-02-03","2015","02","03","†","-11.6","","-20.7","","-16.2","","34.2","","0.0","","","M","","M","0.0","","2","","","M","","M"
"2015-02-04","2015","02","04","†","4.6","","-16.8","","-6.1","","24.1","","0.0","","","M","","M","0.0","","3","","","M","","M"
"2015-02-05","2015","02","05","†","0.7","","-14.6","","-7.0","","25.0","","0.0","","","M","","M","0.2","","3","","","M","","M"
"2015-02-06","2015","02","06","†","-10.7","","-15.2","","-13.0","","31.0","","0.0","","","M","","M","0.2","","","","","M","","M"
"2015-02-07","2015","02","07","†","7.5","","-16.4","","-4.5","","22.5","","0.0","","","M","","M","0.2","","5","","","M","","M"
"2015-02-08","2015","02","08","†","3.2","","-15.5","","-6.2","","24.2","","0.0","","","M","","M","0.0","","3","","","M","","M"
"2015-02-09","2015","02","09","†","-11.0","","-15.4","","-13.2","","31.2","","0.0","","","M","","M","0.0","","3","","","M","","M"
"2015-02-10","2015","02","10","†","-7.1","","-13.1","","-10.1","","28.1","","0.0","","","M","","M","0.0","","2","","","M","","M"
"2015-02-11","2015","02","11","†","-7.2","","-11.2","","-9.2","","27.2","","0.0","","","M","","M","0.2","","3","","","M","","M"
"2015-02-12","2015","02","12","†","11.4","","-7.2","","2.1","","15.9","","0.0","","","M","","M","0.0","","2","","","M","","M"
"2015-02-13","2015","02","13","†","14.5","","0.3","","7.4","","10.6","","0.0","","","M","","M","0.0","","0","T","","M","","M"
"2015-02-14","2015","02","14","†","7.3","","-2.2","","2.6","","15.4","","0.0","","","M","","M","0.6","","","","","M","","M"
"2015-02-15","2015","02","15","†","4.7","","-2.2","","1.3","","16.7","","0.0","","","M","","M","0.0","","1","","","M","","M"
"2015-02-16","2015","02","16","†","2.0","","-5.2","","-1.6","","19.6","","0.0","","","M","","M","0.4","","1","","","M","","M"
"2015-02-17","2015","02","17","†","0.1","","-7.0","","-3.5","","21.5","","0.0","","","M","","M","0.0","","0","T","","M","","M"
"2015-02-18","2015","02","18","†","6.8","","-1.5","","2.7","","15.3","","0.0","","","M","","M","0.0","","1","","","M","","M"
"2015-02-19","2015","02","19","†","10.8","","-1.8","","4.5","","13.5","","0.0","","","M","","M","0.0","","1","","","M","","M"
"2015-02-20","2015","02","20","†","3.8","","-5.1","","-0.7","","18.7","","0.0","","","M","","M","0.0","","0","T","","M","","M"
"2015-02-21","2015","02","21","†","-4.6","","-12.9","","-8.8","","26.8","","0.0","","","M","","M","1.6","","1","","","M","","M"
"2015-02-22","2015","02","22","†","2.8","","-13.1","","-5.2","","23.2","","0.0","","","M","","M","0.0","","5","","","M","","M"
"2015-02-23","2015","02","23","†","12.7","","-2.2","","5.3","","12.7","","0.0","","","M","","M","0.0","","1","","","M","","M"
"2015-02-24","2015","02","24","†","11.3","","-0.2","","5.6","","12.4","","0.0","","","M","","M","0.0","","1","","","M","","M"
"2015-02-25","2015","02","25","†","0.8","","-12.9","","-6.1","","24.1","","0.0","","","M","","M","0.6","","1","","","M","","M"
"2015-02-26","2015","02","26","†","-8.5","","-14.9","","-11.7","","29.7","","0.0","","","M","","M","0.2","","1","","","M","","M"
"2015-02-27","2015","02","27","†","-7.5","","-12.4","","-10.0","","28.0","","0.0","","","M","","M","0.0","","1","","","M","","M"
"2015-02-28","2015","02","28","†","-2.0","","-14.5","","-8.3","","26.3","","0.0","","","M","","M","0.0","","1","","","M","","M"
"2015-03-01","2015","03","01","†","0.0","","-13.0","","-6.5","","24.5","","0.0","","","M","","M","0.0","","1","","","M","","M"
"2015-03-02","2015","03","02","†","0.5","","-15.0","","-7.3","","25.3","","0.0","","","M","","M","0.0","","1","","","M","","M"
"2015-03-03","2015","03","03","†","-8.5","","-18.0","","-13.3","","31.3","","0.0","","","M","","M","0.0","","0","T","","M","","M"
"2015-03-04","2015","03","04","†","1.4","","-16.6","","-7.6","","25.6","","0.0","","","M","","M","0.0","","0","T","","M","","M"
"2015-03-05","2015","03","05","†","11.0","","-6.2","","2.4","","15.6","","0.0","","","M","","M","0.0","","0","T","","M","","M"
"2015-03-06","2015","03","06","†","12.9","","-0.6","","6.2","","11.8","","0.0","","","M","","M","0.0","","0","T","","M","","M"
"2015-03-07","2015","03","07","†","6.7","","-7.3","","-0.3","","18.3","","0.0","","","M","","M","0.0","","0","T","","M","","M"
"2015-03-08","2015","03","08","†","14.4","","-2.9","","5.8","","12.2","","0.0","","","M","","M","0.0","","","","","M","","M"
"2015-03-09","2015","03","09","†","16.5","","0.5","","8.5","","9.5","","0.0","","","M","","M","0.0","","","","","M","","M"
"2015-03-10","2015","03","10","†","11.2","","-0.8","","5.2","","12.8","","0.0","","","M","","M","0.0","","","","","M","","M"
"2015-03-11","2015","03","11","†","16.5","","-0.5","","8.0","","10.0","","0.0","","","M","","M","0.0","","","","","M","","M"
"2015-03-12","2015","03","12","†","15.2","","2.6","","8.9","","9.1","","0.0","","","M","","M","0.0","","","","","M","","M"
"2015-03-13","2015","03","13","†","17.3","","5.0","","11.2","","6.8","","0.0","","","M","","M","0.0","","0","T","","M","","M"
"2015-03-14","2015","03","14","†","15.9","","6.6","","11.3","","6.7","","0.0","","","M","","M","0.0","","0","T","","M","","M"
"2015-03-15","2015","03","15","†","9.4","","-2.9","","3.3","","14.7","","0.0","","","M","","M","1.4","","","","","M","","M"
"2015-03-16","2015","03","16","†","0.6","","-4.0","","-1.7","","19.7","","0.0","","","M","","M","2.4","","","","","M","","M"
"2015-03-17","2015","03","17","†","1.8","","-6.5","","-2.4","","20.4","","0.0","","","M","","M","0.0","","1","","","M","","M"
"2015-03-18","2015","03","18","†","10.8","","-2.8","","4.0","","14.0","","0.0","","","M","","M","0.0","","1","","","M","","M"
"2015-03-19","2015","03","19","†","14.7","","-1.2","","6.8","","11.2","","0.0","","","M","","M","0.0","","","","","M","","M"
"2015-03-20","2015","03","20","†","1.4","","-3.5","","-1.1","","19.1","","0.0","","","M","","M","0.0","","","","","M","","M"
"2015-03-21","2015","03","21","†","0.2","","-3.5","","-1.7","","19.7","","0.0","","","M","","M","0.7","","","","","M","","M"
"2015-03-22","2015","03","22","†","3.1","","-5.8","","-1.4","","19.4","","0.0","","","M","","M","0.0","","3","","","M","","M"
"2015-03-23","2015","03","23","†","-2.3","","-6.7","","-4.5","","22.5","","0.0","","","M","","M","0.7","","","","","M","","M"
"2015-03-24","2015","03","24","†","1.5","","-3.8","","-1.2","","19.2","","0.0","","","M","","M","0.0","","","","","M","","M"
"2015-03-25","2015","03","25","†","11.3","","-5.5","","2.9","","15.1","","0.0","","","M","","M","0.0","","","","","M","","M"
"2015-03-26","2015","03","26","†","18.7","","-0.3","","9.2","","8.8","","0.0","","","M","","M","0.0","","","","","M","","M"
"2015-03-27","2015","03","27","†","21.7","","7.3","","14.5","","3.5","","0.0","","","M","","M","0.0","","","","","M","","M"
"2015-03-28","2015","03","28","†","10.0","","0.9","","5.5","","12.5","","0.0","","","M","","M","2.7","","","","","M","","M"
"2015-03-29","2015","03","29","†","16.6","","0.3","","8.5","","9.5","","0.0","","","M","","M","0.0","","","","","M","","M"
"2015-03-30","2015","03","30","†","17.5","","-0.2","","8.7","","9.3","","0.0","","","M","","M","0.0","","","","","M","","M"
"2015-03-31","2015","03","31","†","18.5","","1.5","","10.0","","8.0","","0.0","","","M","","M","0.0","","","","","M","","M"
"2015-04-01","2015","04","01","†","8.7","","-0.9","","3.9","","14.1","","0.0","","","M","","M","0.0","","","","","M","","M"
"2015-04-02","2015","04","02","†","7.0","","-3.2","","1.9","","16.1","","0.0","","","M","","M","0.3","","","","","M","","M"
"2015-04-03","2015","04","03","†","8.7","","-6.2","","1.3","","16.7","","0.0","","","M","","M","0.2","","","","","M","","M"
"2015-04-04","2015","04","04","†","3.7","","-6.6","","-1.5","","19.5","","0.0","","","M","","M","0.0","","1","","","M","","M"
"2015-04-05","2015","04","05","†","0.1","","-5.0","","-2.5","","20.5","","0.0","","","M","","M","1.6","","1","","","M","","M"
"2015-04-06","2015","04","06","†","-1.4","","-4.2","","-2.8","","20.8","","0.0","","","M","","M","1.6","","1","","","M","","M"
"2015-04-07","2015","04","07","†","8.1","","-8.5","","-0.2","","18.2","","0.0","","","M","","M","0.0","","1","","","M","","M"
"2015-04-08","2015","04","08","†","11.6","","-5.1","","3.3","","14.7","","0.0","","","M","","M","0.0","","1","","","M","","M"
"2015-04-09","2015","04","09","†","15.1","","-0.6","","7.3","","10.7","","0.0","","","M","","M","0.0","","","","","M","","M"
"2015-04-10","2015","04","10","†","16.5","","-1.0","","7.8","","10.2","","0.0","","","M","","M","0.0","","","","","M","","M"
"2015-04-11","2015","04","11","†","14.0","","-0.2","","6.9","","11.1","","0.0","","","M","","M","0.4","","","","","M","","M"
"2015-04-12","2015","04","12","†","7.8","","-1.9","","3.0","","15.0","","0.0","","","M","","M","0.0","","","","","M","","M"
"2015-04-13","2015","04","13","†","14.6","","-6.2","","4.2","","13.8","","0.0","","","M","","M","0.0","","","","","M","","M"
"2015-04-14","2015","04","14","†","13.1","","-1.2","","6.0","","12.0","","0.0","","","M","","M","1.3","","","","","M","","M"
"2015-04-15","2015","04","15","†","13.7","","-3.1","","5.3","","12.7","","0.0","","","M","","M","0.2","","","","","M","","M"
"2015-04-16","2015","04","16","†","17.8","","3.1","","10.5","","7.5","","0.0","","","M","","M","0.0","","","","","M","","M"
"2015-04-17","2015","04","17","†","20.7","","1.3","","11.0","","7.0","","0.0","","","M","","M","0.0","","","","","M","","M"
"2015-04-18","2015","04","18","†","10.4","","0.8","","5.6","","12.4","","0.0","","","M","","M","1.8","","","","","M","","M"
"2015-04-19","2015","04","19","†","12.8","","-5.3","","3.8","","14.2","","0.0","","","M","","M","0.2","","","","","M","","M"
"2015-04-20","2015","04","20","†","18.5","","-0.1","","9.2","","8.8","","0.0","","","M","","M","0.0","","","","","M","","M"
"2015-04-21","2015","04","21","†","20.1","","7.5","","13.8","","4.2","","0.0","","","M","","M","0.0","","","","","M","","M"
"2015-04-22","2015","04","22","†","21.2","","3.7","","12.5","","5.5","","0.0","","","M","","M","0.0","","","","","M","","M"
"2015-04-23","2015","04","23","†","12.4","","-0.4","","6.0","","12.0","","0.0","","","M","","M","0.0","","","","","M","","M"
"2015-04-24","2015","04","24","†","11.3","","0.7","","6.0","","12.0","","0.0","","","M","","M","0.0","","","","","M","","M"
"2015-04-25","2015","04","25","†","4.3","","-1.8","","1.3","","16.7","","0.0","","","M","","M","0.0","","","","","M","","M"
"2015-04-26","2015","04","26","†","11.9","","-5.8","","3.1","","14.9","","0.0","","","M","","M","0.2","","","","","M","","M"
"2015-04-27","2015","04","27","†","20.2","","1.5","","10.9","","7.1","","0.0","","","M","","M","0.0","","","","","M","","M"
"2015-04-28","2015","04","28","†","26.4","","5.4","","15.9","","2.1","","0.0","","","M","","M","0.0","","","","","M","","M"
"2015-04-29","2015","04","29","†","16.2","","2.8","","9.5","","8.5","","0.0","","","M","","M","0.0","","","","","M","","M"
"2015-04-30","2015","04","30","†","15.6","","0.5","","8.1","","9.9","","0.0","","","M","","M","0.2","","","","","M","","M"
"2015-05-01","2015","05","01","†","17.7","","2.5","","10.1","","7.9","","0.0","","","M","","M","0.0","","","","","M","","M"
"2015-05-02","2015","05","02","†","10.2","","1.9","","6.1","","11.9","","0.0","","","M","","M","0.0","","","","","M","","M"
"2015-05-03","2015","05","03","†","12.5","","-1.6","","5.5","","12.5","","0.0","","","M","","M","0.0","","","","","M","","M"
"2015-05-04","2015","05","04","†","19.5","","1.1","","10.3","","7.7","","0.0","","","M","","M","0.0","","","","","M","","M"
"2015-05-05","2015","05","05","†","18.2","","3.2","","10.7","","7.3","","0.0","","","M","","M","1.5","","","","","M","","M"
"2015-05-06","2015","05","06","†","9.0","","0.6","","4.8","","13.2","","0.0","","","M","","M","0.0","","","","","M","","M"
"2015-05-07","2015","05","07","†","12.7","","-1.7","","5.5","","12.5","","0.0","","","M","","M","2.8","","","","","M","","M"
"2015-05-08","2015","05","08","†","10.9","","0.8","","5.9","","12.1","","0.0","","","M","","M","1.1","","","","","M","","M"
"2015-05-09","2015","05","09","†","17.2","","0.0","","8.6","","9.4","","0.0","","","M","","M","0.0","","","","","M","","M"
"2015-05-10","2015","05","10","†","16.9","","-1.0","","8.0","","10.0","","0.0","","","M","","M","0.0","","","","","M","","M"
"2015-05-11","2015","05","11","†","12.2","","-0.1","","6.1","","11.9","","0.0","","","M","","M","1.6","","","","","M","","M"
"2015-05-12","2015","05","12","†","14.3","","-3.1","","5.6","","12.4","","0.0","","","M","","M","0.0","","","","","M","","M"
"2015-05-13","2015","05","13","†","13.3","","-2.4","","5.5","","12.5","","0.0","","","M","","M","0.0","","","","","M","","M"
"2015-05-14","2015","05","14","†","8.0","","5.2","","6.6","","11.4","","0.0","","","M","","M","2.0","","","","","M","","M"
"2015-05-15","2015","05","15","†","11.9","","6.5","","9.2","","8.8","","0.0","","","M","","M","0.5","","","","","M","","M"
"2015-05-16","2015","05","16","†","9.3","","0.5","","4.9","","13.1","","0.0","","","M","","M","18.7","","","","","M","","M"
"2015-05-17","2015","05","17","†","9.5","","0.1","","4.8","","13.2","","0.0","","","M","","M","0.4","","","","","M","","M"
"2015-05-18","2015","05","18","†","13.9","","2.2","","8.1","","9.9","","0.0","","","M","","M","0.0","","","","","M","","M"
"2015-05-19","2015","05","19","†","16.2","","1.3","","8.8","","9.2","","0.0","","","M","","M","0.0","","","","","M","","M"
"2015-05-20","2015","05","20","†","19.1","","3.5","","11.3","","6.7","","0.0","","","M","","M","0.0","","","","","M","","M"
"2015-05-21","2015","05","21","†","21.2","","5.4","","13.3","","4.7","","0.0","","","M","","M","0.0","","","","","M","","M"
"2015-05-22","2015","05","22","†","23.3","","2.2","","12.8","","5.2","","0.0","","","M","","M","0.0","","","","","M","","M"
"2015-05-23","2015","05","23","†","23.6","","3.2","","13.4","","4.6","","0.0","","","M","","M","0.0","","","","","M","","M"
"2015-05-24","2015","05","24","†","22.1","","7.1","","14.6","","3.4","","0.0","","","M","","M","0.0","","","","","M","","M"
"2015-05-25","2015","05","25","†","22.4","","7.7","","15.1","","2.9","","0.0","","","M","","M","0.0","","","","","M","","M"
"2015-05-26","2015","05","26","†","21.5","","11.0","","16.3","","1.7","","0.0","","","M","","M","0.0","","","","","M","","M"
"2015-05-27","2015","05","27","†","22.3","","11.0","","16.7","","1.3","","0.0","","","M","","M","0.0","","","","","M","","M"
"2015-05-28","2015","05","28","†","14.5","","8.2","","11.4","","6.6","","0.0","","","M","","M","0.0","","","","","M","","M"
"2015-05-29","2015","05","29","†","14.1","","5.9","","10.0","","8.0","","0.0","","","M","","M","1.1","","","","","M","","M"
"2015-05-30","2015","05","30","†","16.9","","5.4","","11.2","","6.8","","0.0","","","M","","M","0.0","","","","","M","","M"
"2015-05-31","2015","05","31","†","25.8","","7.6","","16.7","","1.3","","0.0","","","M","","M","0.0","","","","","M","","M"
"2015-06-01","2015","06","01","†","22.8","","7.0","","14.9","","3.1","","0.0","","","M","","M","0.7","","","","","M","","M"
"2015-06-02","2015","06","02","†","13.7","","8.7","","11.2","","6.8","","0.0","","","M","","M","1.0","","","","","M","","M"
"2015-06-03","2015","06","03","†","13.3","","8.6","","11.0","","7.0","","0.0","","","M","","M","13.0","","","","","M","","M"
"2015-06-04","2015","06","04","†","20.3","","6.4","","13.4","","4.6","","0.0","","","M","","M","5.7","","","","","M","","M"
"2015-06-05","2015","06","05","†","21.4","","6.1","","13.8","","4.2","","0.0","","","M","","M","0.0","","","","","M","","M"
"2015-06-06","2015","06","06","†","25.1","","11.0","","18.1","","0.0","","0.1","","","M","","M","","M","","","","M","","M"
"2015-06-07","2015","06","07","†","26.0","","11.4","","18.7","","0.0","","0.7","","","M","","M","0.0","","","","","M","","M"
"2015-06-08","2015","06","08","†","31.9","","12.1","","22.0","","0.0","","4.0","","","M","","M","0.0","","","","","M","","M"
"2015-06-09","2015","06","09","†","23.4","","10.9","","17.2","","0.8","","0.0","","","M","","M","0.0","","","","","M","","M"
"2015-06-10","2015","06","10","†","23.7","","11.9","","17.8","","0.2","","0.0","","","M","","M","0.0","","","","","M","","M"
"2015-06-11","2015","06","11","†","28.5","","9.3","","18.9","","0.0","","0.9","","","M","","M","0.0","","","","","M","","M"
"2015-06-12","2015","06","12","†","12.9","","4.2","","8.6","","9.4","","0.0","","","M","","M","7.0","","","","","M","","M"
"2015-06-13","2015","06","13","†","14.7","","4.7","","9.7","","8.3","","0.0","","","M","","M","3.6","","","","","M","","M"
"2015-06-14","2015","06","14","†","14.4","","6.5","","10.5","","7.5","","0.0","","","M","","M","0.3","","","","","M","","M"
"2015-06-15","2015","06","15","†","17.6","","4.8","","11.2","","6.8","","0.0","","","M","","M","0.0","","","","","M","","M"
"2015-06-16","2015","06","16","†","24.0","","7.8","","15.9","","2.1","","0.0","","","M","","M","3.0","","","","","M","","M"
"2015-06-17","2015","06","17","†","11.9","","9.0","","10.5","","7.5","","0.0","","","M","","M","5.5","","","","","M","","M"
"2015-06-18","2015","06","18","†","20.3","","8.9","","14.6","","3.4","","0.0","","","M","","M","0.3","","","","","M","","M"
"2015-06-19","2015","06","19","†","22.8","","9.6","","16.2","","1.8","","0.0","","","M","","M","0.5","","","","","M","","M"
"2015-06-20","2015","06","20","†","20.2","","4.7","","12.5","","5.5","","0.0","","","M","","M","2.8","","","","","M","","M"
"2015-06-21","2015","06","21","†","17.6","","7.8","","12.7","","5.3","","0.0","","","M","","M","4.7","","","","","M","","M"
"2015-06-22","2015","06","22","†","22.7","","5.3","","14.0","","4.0","","0.0","","","M","","M","0.0","","","","","M","","M"
"2015-06-23","2015","06","23","†","21.5","","9.7","","15.6","","2.4","","0.0","","","M","","M","0.0","","","","","M","","M"
"2015-06-24","2015","06","24","†","24.1","","8.3","","16.2","","1.8","","0.0","","","M","","M","0.0","","","","","M","","M"
"2015-06-25","2015","06","25","†","27.9","","12.6","","20.3","","0.0","","2.3","","","M","","M","0.0","","","","","M","","M"
"2015-06-26","2015","06","26","†","28.6","","15.9","","22.3","","0.0","","4.3","","","M","","M","0.0","","","","","M","","M"
"2015-06-27","2015","06","27","†","30.2","","12.9","","21.6","","0.0","","3.6","","","M","","M","0.0","","","","","M","","M"
"2015-06-28","2015","06","28","†","30.2","","14.2","","22.2","","0.0","","4.2","","","M","","M","0.0","","","","","M","","M"
"2015-06-29","2015","06","29","†","22.5","","17.0","","19.8","","0.0","","1.8","","","M","","M","0.0","","","","","M","","M"
"2015-06-30","2015","06","30","†","24.0","","13.9","","19.0","","0.0","","1.0","","","M","","M","2.6","","","","","M","","M"
"2015-07-01","2015","07","01","†","23.5","","12.8","","18.2","","0.0","","0.2","","","M","","M","19.0","","","","","M","","M"
"2015-07-02","2015","07","02","†","27.0","","12.3","","19.7","","0.0","","1.7","","","M","","M","0.0","","","","","M","","M"
"2015-07-03","2015","07","03","†","29.4","","14.5","","22.0","","0.0","","4.0","","","M","","M","0.0","","","","","M","","M"
"2015-07-04","2015","07","04","†","22.8","","12.1","","17.5","","0.5","","0.0","","","M","","M","10.7","","","","","M","","M"
"2015-07-05","2015","07","05","†","17.7","","9.2","","13.5","","4.5","","0.0","","","M","","M","0.2","","","","","M","","M"
"2015-07-06","2015","07","06","†","22.9","","8.4","","15.7","","2.3","","0.0","","","M","","M","1.6","","","","","M","","M"
"2015-07-07","2015","07","07","†","18.5","","11.6","","15.1","","2.9","","0.0","","","M","","M","0.3","","","","","M","","M"
"2015-07-08","2015","07","08","†","29.9","","11.3","","20.6","","0.0","","2.6","","","M","","M","0.0","","","","","M","","M"
"2015-07-09","2015","07","09","†","30.8","","15.8","","23.3","","0.0","","5.3","","","M","","M","0.0","","","","","M","","M"
"2015-07-10","2015","07","10","†","29.5","","14.3","","21.9","","0.0","","3.9","","","M","","M","0.0","","","","","M","","M"
"2015-07-11","2015","07","11","†","28.4","","16.6","","22.5","","0.0","","4.5","","","M","","M","0.0","","","","","M","","M"
"2015-07-12","2015","07","12","†","26.6","","15.8","","21.2","","0.0","","3.2","","","M","","M","5.4","","","","","M","","M"
"2015-07-13","2015","07","13","†","22.5","","14.0","","18.3","","0.0","","0.3","","","M","","M","0.2","","","","","M","","M"
"2015-07-14","2015","07","14","†","22.7","","11.2","","17.0","","1.0","","0.0","","","M","","M","0.0","","","","","M","","M"
"2015-07-15","2015","07","15","†","26.0","","10.4","","18.2","","0.0","","0.2","","","M","","M","0.0","","","","","M","","M"
"2015-07-16","2015","07","16","†","19.8","","8.3","","14.1","","3.9","","0.0","","","M","","M","5.5","","","","","M","","M"
"2015-07-17","2015","07","17","†","18.0","","8.5","","13.3","","4.7","","0.0","","","M","","M","9.4","","","","","M","","M"
"2015-07-18","2015","07","18","†","26.3","","9.8","","18.1","","0.0","","0.1","","","M","","M","0.0","","","","","M","","M"
"2015-07-19","2015","07","19","†","22.8","","14.9","","18.9","","0.0","","0.9","","","M","","M","0.0","","","","","M","","M"
"2015-07-20","2015","07","20","†","26.4","","13.4","","19.9","","0.0","","1.9","","","M","","M","0.0","","","","","M","","M"
"2015-07-21","2015","07","21","†","25.2","","12.4","","18.8","","0.0","","0.8","","","M","","M","0.0","","","","","M","","M"
"2015-07-22","2015","07","22","†","21.9","","12.2","","17.1","","0.9","","0.0","","","M","","M","0.3","","","","","M","","M"
"2015-07-23","2015","07","23","†","21.6","","10.5","","16.1","","1.9","","0.0","","","M","","M","0.6","","","","","M","","M"
"2015-07-24","2015","07","24","†","26.6","","10.4","","18.5","","0.0","","0.5","","","M","","M","0.0","","","","","M","","M"
"2015-07-25","2015","07","25","†","23.0","","12.4","","17.7","","0.3","","0.0","","","M","","M","0.2","","","","","M","","M"
"2015-07-26","2015","07","26","†","19.5","","9.7","","14.6","","3.4","","0.0","","","M","","M","0.4","","","","","M","","M"
"2015-07-27","2015","07","27","†","18.1","","7.1","","12.6","","5.4","","0.0","","","M","","M","0.0","","","","","M","","M"
"2015-07-28","2015","07","28","†","23.4","","9.3","","16.4","","1.6","","0.0","","","M","","M","0.0","","","","","M","","M"
"2015-07-29","2015","07","29","†","23.9","","9.9","","16.9","","1.1","","0.0","","","M","","M","0.0","","","","","M","","M"
"2015-07-30","2015","07","30","†","26.7","","7.1","","16.9","","1.1","","0.0","","","M","","M","0.0","","","","","M","","M"
"2015-07-31","2015","07","31","†","31.0","","8.8","","19.9","","0.0","","1.9","","","M","","M","0.0","","","","","M","","M"
"2015-08-01","2015","08","01","†","26.3","","11.6","","19.0","","0.0","","1.0","","","M","","M","0.0","","","","","M","","M"
"2015-08-02","2015","08","02","†","27.6","","12.8","","20.2","","0.0","","2.2","","","M","","M","0.0","","","","","M","","M"
"2015-08-03","2015","08","03","†","29.9","","14.6","","22.3","","0.0","","4.3","","","M","","M","0.0","","","","","M","","M"
"2015-08-04","2015","08","04","†","23.1","","10.9","","17.0","","1.0","","0.0","","","M","","M","20.8","","","","","M","","M"
"2015-08-05","2015","08","05","†","20.3","","11.8","","16.1","","1.9","","0.0","","","M","","M","20.5","","","","","M","","M"
"2015-08-06","2015","08","06","†","16.4","","9.1","","12.8","","5.2","","0.0","","","M","","M","12.2","","","","","M","","M"
"2015-08-07","2015","08","07","†","22.0","","9.9","","16.0","","2.0","","0.0","","","M","","M","0.0","","","","","M","","M"
"2015-08-08","2015","08","08","†","25.5","","10.0","","17.8","","0.2","","0.0","","","M","","M","0.0","","","","","M","","M"
"2015-08-09","2015","08","09","†","28.6","","10.6","","19.6","","0.0","","1.6","","","M","","M","0.0","","","","","M","","M"
"2015-08-10","2015","08","10","†","27.9","","10.9","","19.4","","0.0","","1.4","","","M","","M","0.0","","","","","M","","M"
"2015-08-11","2015","08","11","†","28.9","","14.3","","21.6","","0.0","","3.6","","","M","","M","0.0","","","","","M","","M"
"2015-08-12","2015","08","12","†","31.3","","13.3","","22.3","","0.0","","4.3","","","M","","M","0.0","","","","","M","","M"
"2015-08-13","2015","08","13","†","33.8","","13.9","","23.9","","0.0","","5.9","","","M","","M","0.0","","","","","M","","M"
"2015-08-14","2015","08","14","†","22.5","","12.9","","17.7","","0.3","","0.0","","","M","","M","1.4","","","","","M","","M"
"2015-08-15","2015","08","15","†","13.0","","9.4","","11.2","","6.8","","0.0","","","M","","M","23.6","","","","","M","","M"
"2015-08-16","2015","08","16","†","16.9","","7.6","","12.3","","5.7","","0.0","","","M","","M","0.0","","","","","M","","M"
"2015-08-17","2015","08","17","†","21.2","","6.2","","13.7","","4.3","","0.0","","","M","","M","4.0","","","","","M","","M"
"2015-08-18","2015","08","18","†","18.9","","9.5","","14.2","","3.8","","0.0","","","M","","M","1.0","","","","","M","","M"
"2015-08-19","2015","08","19","†","27.6","","9.4","","18.5","","0.0","","0.5","","","M","","M","0.0","","","","","M","","M"
"2015-08-20","2015","08","20","†","20.1","","10.4","","15.3","","2.7","","0.0","","","M","","M","1.2","","","","","M","","M"
"2015-08-21","2015","08","21","†","11.8","","2.9","","7.4","","10.6","","0.0","","","M","","M","34.1","","","","","M","","M"
"2015-08-22","2015","08","22","†","16.6","","2.8","","9.7","","8.3","","0.0","","","M","","M","0.0","","","","","M","","M"
"2015-08-23","2015","08","23","†","23.6","","4.9","","14.3","","3.7","","0.0","","","M","","M","0.0","","","","","M","","M"
"2015-08-24","2015","08","24","†","23.3","","12.0","","17.7","","0.3","","0.0","","","M","","M","0.0","","","","","M","","M"
"2015-08-25","2015","08","25","†","25.8","","10.3","","18.1","","0.0","","0.1","","","M","","M","0.0","","","","","M","","M"
"2015-08-26","2015","08","26","†","21.3","","11.3","","16.3","","1.7","","0.0","","","M","","M","0.0","","","","","M","","M"
"2015-08-27","2015","08","27","†","23.9","","10.4","","17.2","","0.8","","0.0","","","M","","M","0.0","","","","","M","","M"
"2015-08-28","2015","08","28","†","26.2","","12.1","","19.2","","0.0","","1.2","","","M","","M","0.0","","","","","M","","M"
"2015-08-29","2015","08","29","†","27.8","","13.0","","20.4","","0.0","","2.4","","","M","","M","0.0","","","","","M","","M"
"2015-08-30","2015","08","30","†","22.3","","10.2","","16.3","","1.7","","0.0","","","M","","M","0.0","","","","","M","","M"
"2015-08-31","2015","08","31","†","21.5","","9.7","","15.6","","2.4","","0.0","","","M","","M","0.0","","","","","M","","M"
"2015-09-01","2015","09","01","†","23.2","","6.5","","14.9","","3.1","","0.0","","","M","","M","0.0","","","","","M","","M"
"2015-09-02","2015","09","02","†","22.1","","8.6","","15.4","","2.6","","0.0","","","M","","M","0.0","","","","","M","","M"
"2015-09-03","2015","09","03","†","13.9","","3.6","","8.8","","9.2","","0.0","","","M","","M","3.1","","","","","M","","M"
"2015-09-04","2015","09","04","†","7.9","","3.1","","5.5","","12.5","","0.0","","","M","","M","4.6","","","","","M","","M"
"2015-09-05","2015","09","05","†","6.2","","0.9","","3.6","","14.4","","0.0","","","M","","M","29.4","","","","","M","","M"
"2015-09-06","2015","09","06","†","9.0","","0.6","","4.8","","13.2","","0.0","","","M","","M","","M","","","","M","","M"
"2015-09-07","2015","09","07","†","13.7","","5.6","","9.7","","8.3","","0.0","","","M","","M","","M","","","","M","","M"
"2015-09-08","2015","09","08","†","17.6","","3.4","","10.5","","7.5","","0.0","","","M","","M","","M","","","","M","","M"
"2015-09-09","2015","09","09","†","19.5","","6.4","","13.0","","5.0","","0.0","","","M","","M","","M","","","","M","","M"
"2015-09-10","2015","09","10","†","20.8","","3.9","","12.4","","5.6","","0.0","","","M","","M","","M","","","","M","","M"
"2015-09-11","2015","09","11","†","26.8","","9.1","","18.0","","0.0","","0.0","","","M","","M","","M","","","","M","","M"
"2015-09-12","2015","09","12","†","28.3","","11.1","","19.7","","0.0","","1.7","","","M","","M","","M","","","","M","","M"
"2015-09-13","2015","09","13","†","12.4","","7.2","","9.8","","8.2","","0.0","","","M","","M","","M","","","","M","","M"
"2015-09-14","2015","09","14","†","6.1","E","4.1","E","5.1","E","12.9","E","0.0","E","","M","","M","","M","","","","M","","M"
"2015-09-15","2015","09","15","†","11.5","","5.1","","8.3","","9.7","","0.0","","","M","","M","","M","","","","M","","M"
"2015-09-16","2015","09","16","†","11.7","","3.2","","7.5","","10.5","","0.0","","","M","","M","0.8","","","","","M","","M"
"2015-09-17","2015","09","17","†","15.7","","1.2","","8.5","","9.5","","0.0","","","M","","M","0.0","","","","","M","","M"
"2015-09-18","2015","09","18","†","18.3","","4.3","","11.3","","6.7","","0.0","","","M","","M","0.0","","","","","M","","M"
"2015-09-19","2015","09","19","†","21.1","","7.1","","14.1","","3.9","","0.0","","","M","","M","0.0","","","","","M","","M"
"2015-09-20","2015","09","20","†","19.8","","6.1","","13.0","","5.0","","0.0","","","M","","M","1.6","","","","","M","","M"
"2015-09-21","2015","09","21","†","11.3","","2.5","","6.9","","11.1","","0.0","","","M","","M","1.2","","","","","M","","M"
"2015-09-22","2015","09","22","†","16.6","","5.1","","10.9","","7.1","","0.0","","","M","","M","0.0","","","","","M","","M"
"2015-09-23","2015","09","23","†","19.7","","1.4","","10.6","","7.4","","0.0","","","M","","M","0.0","","","","","M","","M"
"2015-09-24","2015","09","24","†","21.4","","5.2","","13.3","","4.7","","0.0","","","M","","M","0.0","","","","","M","","M"
"2015-09-25","2015","09","25","†","22.1","","5.9","","14.0","","4.0","","0.0","","","M","","M","0.0","","","","","M","","M"
"2015-09-26","2015","09","26","†","15.1","","6.2","","10.7","","7.3","","0.0","","","M","","M","0.5","","","","","M","","M"
"2015-09-27","2015","09","27","†","15.6","","4.0","","9.8","","8.2","","0.0","","","M","","M","0.0","","","","","M","","M"
"2015-09-28","2015","09","28","†","15.5","","2.2","","8.9","","9.1","","0.0","","","M","","M","0.0","","","","","M","","M"
"2015-09-29","2015","09","29","†","19.7","","3.0","","11.4","","6.6","","0.0","","","M","","M","0.0","","","","","M","","M"
"2015-09-30","2015","09","30","†","20.8","","4.7","","12.8","","5.2","","0.0","","","M","","M","0.0","","","","","M","","M"
"2015-10-01","2015","10","01","†","21.6","","4.3","","13.0","","5.0","","0.0","","","M","","M","0.0","","","","","M","","M"
"2015-10-02","2015","10","02","†","19.8","","2.2","","11.0","","7.0","","0.0","","","M","","M","0.0","","","","","M","","M"
"2015-10-03","2015","10","03","†","2.7","","0.0","","1.4","","16.6","","0.0","","","M","","M","3.7","","","","","M","","M"
"2015-10-04","2015","10","04","†","4.5","","0.6","","2.6","","15.4","","0.0","","","M","","M","0.0","","","","","M","","M"
"2015-10-05","2015","10","05","†","12.4","","0.0","","6.2","","11.8","","0.0","","","M","","M","0.0","","","","","M","","M"
"2015-10-06","2015","10","06","†","15.5","","1.8","","8.7","","9.3","","0.0","","","M","","M","0.0","","","","","M","","M"
"2015-10-07","2015","10","07","†","18.4","","7.4","","12.9","","5.1","","0.0","","","M","","M","0.0","","","","","M","","M"
"2015-10-08","2015","10","08","†","19.8","","3.2","","11.5","","6.5","","0.0","","","M","","M","0.0","","","","","M","","M"
"2015-10-09","2015","10","09","†","21.7","","11.7","","16.7","","1.3","","0.0","","","M","","M","0.0","","","","","M","","M"
"2015-10-10","2015","10","10","†","23.5","","10.3","","16.9","","1.1","","0.0","","","M","","M","0.0","","","","","M","","M"
"2015-10-11","2015","10","11","†","17.7","","7.0","","12.4","","5.6","","0.0","","","M","","M","0.0","","","","","M","","M"
"2015-10-12","2015","10","12","†","16.9","","3.1","","10.0","","8.0","","0.0","","","M","","M","0.0","","","","","M","","M"
"2015-10-13","2015","10","13","†","16.3","","4.3","","10.3","","7.7","","0.0","","","M","","M","0.0","","","","","M","","M"
"2015-10-14","2015","10","14","†","14.5","","1.1","","7.8","","10.2","","0.0","","","M","","M","0.0","","","","","M","","M"
"2015-10-15","2015","10","15","†","11.8","","1.1","","6.5","","11.5","","0.0","","","M","","M","0.0","","","","","M","","M"
"2015-10-16","2015","10","16","†","14.4","","-0.1","","7.2","","10.8","","0.0","","","M","","M","0.0","","","","","M","","M"
"2015-10-17","2015","10","17","†","19.7","","0.3","","10.0","","8.0","","0.0","","","M","","M","0.0","","","","","M","","M"
"2015-10-18","2015","10","18","†","16.6","","7.7","","12.2","","5.8","","0.0","","","M","","M","0.0","","","","","M","","M"
"2015-10-19","2015","10","19","†","18.4","","4.2","","11.3","","6.7","","0.0","","","M","","M","0.0","","","","","M","","M"
"2015-10-20","2015","10","20","†","13.4","","3.5","","8.5","","9.5","","0.0","","","M","","M","0.0","","","","","M","","M"
"2015-10-21","2015","10","21","†","20.2","","1.5","","10.9","","7.1","","0.0","","","M","","M","0.0","","","","","M","","M"
"2015-10-22","2015","10","22","†","15.5","","1.6","","8.6","","9.4","","0.0","","","M","","M","0.0","","","","","M","","M"
"2015-10-23","2015","10","23","†","12.2","","-3.3","","4.5","","13.5","","0.0","","","M","","M","0.0","","","","","M","","M"
"2015-10-24","2015","10","24","†","7.4","","-4.8","","1.3","","16.7","","0.0","","","M","","M","0.2","","","","","M","","M"
"2015-10-25","2015","10","25","†","9.1","","-5.5","","1.8","","16.2","","0.0","","","M","","M","0.0","","","","","M","","M"
"2015-10-26","2015","10","26","†","9.2","","-0.1","","4.6","","13.4","","0.0","","","M","","M","0.0","","","","","M","","M"
"2015-10-27","2015","10","27","†","7.2","","-4.5","","1.4","","16.6","","0.0","","","M","","M","0.0","","","","","M","","M"
"2015-10-28","2015","10","28","†","8.0","","-6.4","","0.8","","17.2","","0.0","","","M","","M","0.0","","","","","M","","M"
"2015-10-29","2015","10","29","†","13.4","","0.8","","7.1","","10.9","","0.0","","","M","","M","0.0","","","","","M","","M"
"2015-10-30","2015","10","30","†","13.4","","0.6","","7.0","","11.0","","0.0","","","M","","M","0.0","","","","","M","","M"
"2015-10-31","2015","10","31","†","8.7","","-2.7","","3.0","","15.0","","0.0","","","M","","M","0.0","","","","","M","","M"
"2015-11-01","2015","11","01","†","7.9","","-3.4","","2.3","","15.7","","0.0","","","M","","M","0.6","","","","","M","","M"
"2015-11-02","2015","11","02","†","2.0","","-1.7","","0.2","","17.8","","0.0","","","M","","M","1.4","","","","","M","","M"
"2015-11-03","2015","11","03","†","0.2","","-6.0","","-2.9","","20.9","","0.0","","","M","","M","0.2","","","","","M","","M"
"2015-11-04","2015","11","04","†","4.9","","-5.2","","-0.2","","18.2","","0.0","","","M","","M","0.2","","","","","M","","M"
"2015-11-05","2015","11","05","†","4.1","","-3.9","","0.1","","17.9","","0.0","","","M","","M","0.0","","","","","M","","M"
"2015-11-06","2015","11","06","†","9.6","","-5.2","","2.2","","15.8","","0.0","","","M","","M","0.2","","","","","M","","M"
"2015-11-07","2015","11","07","†","14.3","","1.8","","8.1","","9.9","","0.0","","","M","","M","0.0","","","","","M","","M"
"2015-11-08","2015","11","08","†","7.7","","-2.3","","2.7","","15.3","","0.0","","","M","","M","0.0","","","","","M","","M"
"2015-11-09","2015","11","09","†","0.2","","-3.6","","-1.7","","19.7","","0.0","","","M","","M","2.0","","","","","M","","M"
"2015-11-10","2015","11","10","†","2.4","","-8.1","","-2.9","","20.9","","0.0","","","M","","M","0.2","","","","","M","","M"
"2015-11-11","2015","11","11","†","6.5","","-2.5","","2.0","","16.0","","0.0","","","M","","M","0.0","","","","","M","","M"
"2015-11-12","2015","11","12","†","5.1","","-4.1","","0.5","","17.5","","0.0","","","M","","M","0.0","","","","","M","","M"
"2015-11-13","2015","11","13","†","10.7","","-2.8","","4.0","","14.0","","0.0","","","M","","M","0.2","","","","","M","","M"
"2015-11-14","2015","11","14","†","1.6","","-1.6","","0.0","","18.0","","0.0","","","M","","M","0.0","","","","","M","","M"
"2015-11-15","2015","11","15","†","13.1","","-2.5","","5.3","","12.7","","0.0","","","M","","M","0.0","","","","","M","","M"
"2015-11-16","2015","11","16","†","2.8","","-3.0","","-0.1","","18.1","","0.0","","","M","","M","0.2","","","","","M","","M"
"2015-11-17","2015","11","17","†","6.6","","-2.3","","2.2","","15.8","","0.0","","","M","","M","0.2","","","","","M","","M"
"2015-11-18","2015","11","18","†","-2.1","","-10.4","","-6.3","","24.3","","0.0","","","M","","M","0.9","","","","","M","","M"
"2015-11-19","2015","11","19","†","-3.2","","-10.2","","-6.7","","24.7","","0.0","","","M","","M","0.0","","","","","M","","M"
"2015-11-20","2015","11","20","†","-3.3","","-10.2","","-6.8","","24.8","","0.0","","","M","","M","0.0","","","","","M","","M"
"2015-11-21","2015","11","21","†","7.5","","-4.5","","1.5","","16.5","","0.0","","","M","","M","0.0","","","","","M","","M"
"2015-11-22","2015","11","22","†","9.0","","-4.1","","2.5","","15.5","","0.0","","","M","","M","0.0","","","","","M","","M"
"2015-11-23","2015","11","23","†","-1.1","","-7.2","","-4.2","","22.2","","0.0","","","M","","M","0.0","","","","","M","","M"
"2015-11-24","2015","11","24","†","-3.1","","-16.1","","-9.6","","27.6","","0.0","","","M","","M","1.8","","","","","M","","M"
"2015-11-25","2015","11","25","†","-2.7","","-16.3","","-9.5","","27.5","","0.0","","","M","","M","0.0","","","","","M","","M"
"2015-11-26","2015","11","26","†","-0.8","","-12.9","","-6.9","","24.9","","0.0","","","M","","M","0.0","","","","","M","","M"
"2015-11-27","2015","11","27","†","7.4","","-7.3","","0.1","","17.9","","0.0","","","M","","M","0.0","","","","","M","","M"
"2015-11-28","2015","11","28","†","6.8","","-8.6","","-0.9","","18.9","","0.0","","","M","","M","0.0","","","","","M","","M"
"2015-11-29","2015","11","29","†","7.9","","-7.2","","0.4","","17.6","","0.0","","","M","","M","0.0","","","","","M","","M"
"2015-11-30","2015","11","30","†","6.1","","-8.2","","-1.1","","19.1","","0.0","","","M","","M","0.0","","","","","M","","M"
"2015-12-01","2015","12","01","†","8.5","","-8.8","","-0.2","","18.2","","0.0","","","M","","M","0.0","","","","","M","","M"
"2015-12-02","2015","12","02","†","7.8","","-4.4","","1.7","","16.3","","0.0","","","M","","M","0.0","","","","","M","","M"
"2015-12-03","2015","12","03","†","8.4","","-4.9","","1.8","","16.2","","0.0","","","M","","M","0.0","","","","","M","","M"
"2015-12-04","2015","12","04","†","7.0","","-2.0","","2.5","","15.5","","0.0","","","M","","M","0.0","","0","T","","M","","M"
"2015-12-05","2015","12","05","†","5.3","","-2.3","","1.5","","16.5","","0.0","","","M","","M","0.0","","0","T","","M","","M"
"2015-12-06","2015","12","06","†","9.2","","-5.3","","2.0","","16.0","","0.0","","","M","","M","0.0","","0","T","","M","","M"
"2015-12-07","2015","12","07","†","9.0","","-1.7","","3.7","","14.3","","0.0","","","M","","M","0.0","","0","T","","M","","M"
"2015-12-08","2015","12","08","†","8.5","","-0.6","","4.0","","14.0","","0.0","","","M","","M","0.0","","0","T","","M","","M"
"2015-12-09","2015","12","09","†","7.9","","-0.4","","3.8","","14.2","","0.0","","","M","","M","1.4","","0","T","","M","","M"
"2015-12-10","2015","12","10","†","0.0","","-5.0","","-2.5","","20.5","","0.0","","","M","","M","1.0","","0","T","","M","","M"
"2015-12-11","2015","12","11","†","-1.5","","-3.1","","-2.3","","20.3","","0.0","","","M","","M","0.0","","0","T","","M","","M"
"2015-12-12","2015","12","12","†","-2.5","","-7.2","","-4.9","","22.9","","0.0","","","M","","M","0.2","","0","T","","M","","M"
"2015-12-13","2015","12","13","†","-3.3","","-7.0","","-5.2","","23.2","","0.0","","","M","","M","0.2","","1","","","M","","M"
"2015-12-14","2015","12","14","†","-5.7","","-9.5","","-7.6","","25.6","","0.0","","","M","","M","0.0","","2","","","M","","M"
"2015-12-15","2015","12","15","†","2.7","","-12.2","","-4.8","","22.8","","0.0","","","M","","M","2.8","","0","T","","M","","M"
"2015-12-16","2015","12","16","†","-4.0","","-12.0","","-8.0","","26.0","","0.0","","","M","","M","2.1","","6","","","M","","M"
"2015-12-17","2015","12","17","†","-8.8","","-17.9","","-13.4","","31.4","","0.0","","","M","","M","0.2","","3","","","M","","M"
"2015-12-18","2015","12","18","†","-7.8","","-17.4","","-12.6","","30.6","","0.0","","","M","","M","0.7","","4","","","M","","M"
"2015-12-19","2015","12","19","†","-2.2","","-17.8","","-10.0","","28.0","","0.0","","","M","","M","0.0","","5","","","M","","M"
"2015-12-20","2015","12","20","†","-0.5","","-12.4","","-6.5","","24.5","","0.0","","","M","","M","0.0","","5","","","M","","M"
"2015-12-21","2015","12","21","†","","M","-9.0","E","","M","","M","","M","","M","","M","","M","3","","","","<31",""
"2015-12-22","2015","12","22","†","-4.1","","-15.0","","-9.6","","27.6","","0.0","","","M","","M","0.0","","6","","","","<31",""
"2015-12-23","2015","12","23","†","-6.8","","-17.2","","-12.0","","30.0","","0.0","","","M","","M","0.2","","6","","","","<31",""
"2015-12-24","2015","12","24","†","-11.0","","-15.6","","-13.3","","31.3","","0.0","","","M","","M","2.6","","6","","","","<31",""
"2015-12-25","2015","12","25","†","-14.9","","-22.5","","-18.7","","36.7","","0.0","","","M","","M","0.4","","10","","","","<31",""
"2015-12-26","2015","12","26","†","-10.5","","-23.8","","-17.2","","35.2","","0.0","","","M","","M","0.0","","9","","","","<31",""
"2015-12-27","2015","12","27","†","-0.3","","-12.6","","-6.5","","24.5","","0.0","","","M","","M","0.0","","9","","","","<31",""
"2015-12-28","2015","12","28","†","-4.1","","-11.5","","-7.8","","25.8","","0.0","","","M","","M","3.3","","10","","","","<31",""
"2015-12-29","2015","12","29","†","-7.2","","-19.1","","-13.2","","31.2","","0.0","","","M","","M","0.2","","11","","","","<31",""
"2015-12-30","2015","12","30","†","-4.7","","-20.0","","-12.4","","30.4","","0.0","","","M","","M","0.0","","11","","","","<31",""
"2015-12-31","2015","12","31","†","2.6","","-14.5","","-6.0","","24.0","","0.0","","","M","","M","0.0","","11","","","","<31",""
